{"cameraMode":{"drawMode":0,"name":"Shaded","section":"Shading Mode"},"sceneLighting":false,"audioPlay":false,"sceneViewState":{"showFog":true,"showMaterialUpdate":true,"showSkybox":false,"showFlares":true,"showImageEffects":true,"showParticleSystems":true},"in2DMode":false,"pivot":{"x":-0.1329939067363739,"y":0.8175077438354492,"z":0.027602514252066613},"rotation":{"x":-0.0828469768166542,"y":0.3556336760520935,"z":-0.03166744485497475,"w":-0.9304084181785584},"size":1.2587623596191407,"orthographic":false}