{"cameraMode":{"drawMode":0,"name":"Shaded","section":"Shading Mode"},"sceneLighting":true,"audioPlay":false,"sceneViewState":{"showFog":true,"showMaterialUpdate":true,"showSkybox":true,"showFlares":true,"showImageEffects":true,"showParticleSystems":true},"in2DMode":false,"pivot":{"x":-1.840000033378601,"y":2.2870001792907717,"z":1.5829999446868897},"rotation":{"x":-0.0777997076511383,"y":0.922117292881012,"z":-0.26147860288619997,"w":-0.27436742186546328},"size":2.952866554260254,"orthographic":false}